pca_1,pca_2,category,split,sample_id,window_start
0.312865674495697,-0.7876602411270142,Demonstrated Action,Training support,episode49,2
0.010759619995951653,-0.6638091206550598,Demonstrated Action,Training support,episode26,5
0.01261247880756855,-0.6640379428863525,Demonstrated Action,Training support,episode8,5
0.17065276205539703,-0.6265940070152283,Demonstrated Action,Training support,episode33,5
0.34048396348953247,-0.8278480768203735,Demonstrated Action,Training support,episode28,2
-0.012955226935446262,-0.6921500563621521,Demonstrated Action,Training support,episode43,4
-0.048341285437345505,-0.7858465909957886,Demonstrated Action,Training support,episode39,1
0.3601089119911194,-0.848266065120697,Demonstrated Action,Training support,episode7,1
0.2426179051399231,-0.7060896754264832,Demonstrated Action,Training support,episode47,4
0.3353700041770935,-0.8012605309486389,Demonstrated Action,Training support,episode20,1
0.3356820046901703,-0.8191708922386169,Demonstrated Action,Training support,episode12,1
0.04027627408504486,-0.6006467342376709,Demonstrated Action,Training support,episode5,5
-0.04622716084122658,-0.7450544834136963,Demonstrated Action,Training support,episode24,2
0.24262087047100067,-0.7114604711532593,Demonstrated Action,Training support,episode6,4
-0.8002501130104065,0.2987727224826813,Demonstrated Action,Training support,episode25,15
0.3285976052284241,-0.7956103682518005,Demonstrated Action,Training support,episode46,2
0.0496959313750267,-0.6009225845336914,Demonstrated Action,Training support,episode27,5
0.00272787525318563,-0.6681633591651917,Demonstrated Action,Training support,episode41,5
0.9608959555625916,0.8636881113052368,Demonstrated Action,Training support,episode35,82
0.29827240109443665,-0.12709887325763702,Demonstrated Action,Training support,episode0,12
-0.03009858913719654,-0.7199608087539673,Demonstrated Action,Training support,episode38,3
0.43475955724716187,0.14683730900287628,Demonstrated Action,Training support,episode1,13
-0.8166809678077698,0.323790580034256,Demonstrated Action,Training support,episode22,19
-0.055722106248140335,-0.75074303150177,Demonstrated Action,Training support,episode4,2
-0.05778507888317108,-0.7639805674552917,Demonstrated Action,Training support,episode21,2
-0.03338310122489929,-0.7561489343643188,Demonstrated Action,Training support,episode19,2
0.3162420094013214,-0.7844300866127014,Demonstrated Action,Training support,episode40,2
0.35416117310523987,-0.835400402545929,Demonstrated Action,Training support,episode32,1
0.31291911005973816,-0.7871364951133728,Demonstrated Action,Training support,episode30,2
-0.026156499981880188,-0.7236965298652649,Demonstrated Action,Training support,episode10,3
-0.0140701774507761,-0.6924102902412415,Demonstrated Action,Training support,episode3,4
0.3054782450199127,-0.15982353687286377,Demonstrated Action,Training support,episode11,12
0.004766384605318308,-0.6604790687561035,Demonstrated Action,Training support,episode17,5
-0.04312103986740112,-0.7571742534637451,Demonstrated Action,Training support,episode45,2
-0.05653313174843788,-0.7505410313606262,Demonstrated Action,Training support,episode9,2
0.3471386432647705,-0.0370381623506546,Demonstrated Action,Training support,episode34,13
0.33073464035987854,-0.818393349647522,Demonstrated Action,Training support,episode15,2
0.008680714294314384,-0.6726329326629639,Demonstrated Action,Training support,episode2,5
0.028181539848446846,-0.6400970220565796,Demonstrated Action,Training support,episode29,6
0.01355031318962574,-0.6672503352165222,Demonstrated Action,Training support,episode23,5
0.3229595124721527,-0.09383849054574966,Demonstrated Action,Training support,episode13,12
0.3055030405521393,-0.7713432908058167,Demonstrated Action,Training support,episode18,2
0.1594715565443039,-0.6373663544654846,Demonstrated Action,Training support,episode42,6
0.7249616384506226,0.4045463800430298,Demonstrated Action,Training support,episode16,36
0.31226786971092224,-0.7876381278038025,Demonstrated Action,Training support,episode37,2
0.8057748675346375,0.5356219410896301,Demonstrated Action,Training support,episode36,38
0.3101572096347809,-0.7834951877593994,Demonstrated Action,Training support,episode44,2
0.33514511585235596,-0.10311508178710938,Demonstrated Action,Training support,episode48,13
-0.03100239299237728,-0.7587162852287292,Demonstrated Action,Training support,episode31,2
-0.033961694687604904,-0.7494335770606995,Demonstrated Action,Training support,episode14,2
0.00476642232388258,-0.6604796648025513,Cross-State Replay,Training support,state_ep0001_seed0001__action_ep0017_seed0021,5
0.3055029809474945,-0.7713427543640137,Cross-State Replay,Training support,state_ep0000_seed0000__action_ep0018_seed0023,2
0.3053569197654724,-0.15994487702846527,Cross-State Replay,Training support,state_ep0003_seed0003__action_ep0011_seed0013,12
-0.0333830863237381,-0.7561490535736084,Cross-State Replay,Training support,state_ep0003_seed0003__action_ep0019_seed0026,2
-0.03396165370941162,-0.7494335174560547,Cross-State Replay,Training support,state_ep0004_seed0004__action_ep0014_seed0016,2
-0.03338310867547989,-0.7561485767364502,Cross-State Replay,Training support,state_ep0002_seed0002__action_ep0019_seed0026,2
-0.03338276967406273,-0.7561485171318054,Cross-State Replay,Training support,state_ep0004_seed0004__action_ep0019_seed0026,2
0.3356821537017822,-0.8191708922386169,Cross-State Replay,Training support,state_ep0000_seed0000__action_ep0012_seed0014,1
0.3307346701622009,-0.8183937668800354,Cross-State Replay,Training support,state_ep0000_seed0000__action_ep0015_seed0018,2
0.7249616384506226,0.4045460522174835,Cross-State Replay,Training support,state_ep0002_seed0002__action_ep0016_seed0019,36
-0.033383093774318695,-0.7561486959457397,Cross-State Replay,Training support,state_ep0000_seed0000__action_ep0019_seed0026,2
0.004748817067593336,-0.660495400428772,Cross-State Replay,Training support,state_ep0000_seed0000__action_ep0017_seed0021,5
0.32295945286750793,-0.09383846819400787,Cross-State Replay,Training support,state_ep0003_seed0003__action_ep0013_seed0015,12
-0.03396167606115341,-0.749433696269989,Cross-State Replay,Training support,state_ep0002_seed0002__action_ep0014_seed0016,2
0.3051678240299225,-0.16013704240322113,Cross-State Replay,Training support,state_ep0000_seed0000__action_ep0011_seed0013,12
0.004735566210001707,-0.6605083346366882,Cross-State Replay,Training support,state_ep0002_seed0002__action_ep0017_seed0021,5
-0.03338277339935303,-0.7561486959457397,Cross-State Replay,Training support,state_ep0001_seed0001__action_ep0019_seed0026,2
0.33568188548088074,-0.8191709518432617,Cross-State Replay,Training support,state_ep0001_seed0001__action_ep0012_seed0014,1
-0.026165369898080826,-0.7237038016319275,Cross-State Replay,Training support,state_ep0004_seed0004__action_ep0010_seed0011,3
0.3053569197654724,-0.15994495153427124,Cross-State Replay,Training support,state_ep0004_seed0004__action_ep0011_seed0013,12
-0.026156358420848846,-0.7236966490745544,Cross-State Replay,Training support,state_ep0001_seed0001__action_ep0010_seed0011,3
0.3229595124721527,-0.09383849054574966,Cross-State Replay,Training support,state_ep0001_seed0001__action_ep0013_seed0015,12
0.30547815561294556,-0.15982361137866974,Cross-State Replay,Training support,state_ep0001_seed0001__action_ep0011_seed0013,12
0.004735587630420923,-0.660508394241333,Cross-State Replay,Training support,state_ep0004_seed0004__action_ep0017_seed0021,5
0.3228963017463684,-0.0938885286450386,Cross-State Replay,Training support,state_ep0004_seed0004__action_ep0013_seed0015,12
0.30550307035446167,-0.7713431715965271,Cross-State Replay,Training support,state_ep0003_seed0003__action_ep0018_seed0023,2
0.3055030405521393,-0.771342933177948,Cross-State Replay,Training support,state_ep0004_seed0004__action_ep0018_seed0023,2
0.3307346701622009,-0.8183937668800354,Cross-State Replay,Training support,state_ep0001_seed0001__action_ep0015_seed0018,2
0.3356819152832031,-0.8191709518432617,Cross-State Replay,Training support,state_ep0003_seed0003__action_ep0012_seed0014,1
0.7250751852989197,0.40469542145729065,Cross-State Replay,Training support,state_ep0004_seed0004__action_ep0016_seed0019,36
0.32289615273475647,-0.09388848394155502,Cross-State Replay,Training support,state_ep0002_seed0002__action_ep0013_seed0015,12
-0.033961739391088486,-0.7494335770606995,Cross-State Replay,Training support,state_ep0003_seed0003__action_ep0014_seed0016,2
0.7250778675079346,0.4046993553638458,Cross-State Replay,Training support,state_ep0000_seed0000__action_ep0016_seed0019,36
-0.02615637704730034,-0.7236964702606201,Cross-State Replay,Training support,state_ep0002_seed0002__action_ep0010_seed0011,3
0.0047356076538562775,-0.6605084538459778,Cross-State Replay,Training support,state_ep0003_seed0003__action_ep0017_seed0021,5
-0.026165280491113663,-0.7237039804458618,Cross-State Replay,Training support,state_ep0003_seed0003__action_ep0010_seed0011,3
0.33073481917381287,-0.818393349647522,Cross-State Replay,Training support,state_ep0004_seed0004__action_ep0015_seed0018,2
0.3307346999645233,-0.8183935284614563,Cross-State Replay,Training support,state_ep0002_seed0002__action_ep0015_seed0018,2
-0.03396127000451088,-0.7494331002235413,Cross-State Replay,Training support,state_ep0000_seed0000__action_ep0014_seed0016,2
0.3307347595691681,-0.8183935284614563,Cross-State Replay,Training support,state_ep0003_seed0003__action_ep0015_seed0018,2
0.3228147029876709,-0.09397432208061218,Cross-State Replay,Training support,state_ep0000_seed0000__action_ep0013_seed0015,12
0.3356820046901703,-0.819171130657196,Cross-State Replay,Training support,state_ep0004_seed0004__action_ep0012_seed0014,1
0.30550307035446167,-0.7713429927825928,Cross-State Replay,Training support,state_ep0001_seed0001__action_ep0018_seed0023,2
-0.02613774873316288,-0.7236772179603577,Cross-State Replay,Training support,state_ep0000_seed0000__action_ep0010_seed0011,3
-0.03396172076463699,-0.749433696269989,Cross-State Replay,Training support,state_ep0001_seed0001__action_ep0014_seed0016,2
0.7249617576599121,0.40454623103141785,Cross-State Replay,Training support,state_ep0001_seed0001__action_ep0016_seed0019,36
0.3356820046901703,-0.8191708922386169,Cross-State Replay,Training support,state_ep0002_seed0002__action_ep0012_seed0014,1
0.30535703897476196,-0.15994496643543243,Cross-State Replay,Training support,state_ep0002_seed0002__action_ep0011_seed0013,12
0.30550307035446167,-0.7713432908058167,Cross-State Replay,Training support,state_ep0002_seed0002__action_ep0018_seed0023,2
0.7250753045082092,0.4046953618526459,Cross-State Replay,Training support,state_ep0003_seed0003__action_ep0016_seed0019,36
1.0163112878799438,1.2118043899536133,Local Perturbation,Training support,ep0031_start0083_seed0000,1
-0.9306022524833679,0.22295892238616943,Local Perturbation,Training support,ep0037_start0049_seed0000,0
0.7882164716720581,0.6873573660850525,Local Perturbation,Training support,ep0021_start0043_seed0001,1
-0.6086809039115906,0.10608098655939102,Local Perturbation,Training support,ep0037_start0015_seed0002,1
-0.6289770603179932,0.11709943413734436,Local Perturbation,Training support,ep0030_start0016_seed0004,1
0.14036203920841217,-0.3752487897872925,Local Perturbation,Training support,ep0035_start0009_seed0000,0
-0.9632672667503357,0.1541072428226471,Local Perturbation,Training support,ep0033_start0041_seed0001,1
0.2181430608034134,-0.736656904220581,Local Perturbation,Training support,ep0047_start0005_seed0000,0
-1.2702507972717285,0.3666158616542816,Local Perturbation,Training support,ep0042_start0069_seed0001,0
1.0184416770935059,1.1101534366607666,Local Perturbation,Training support,ep0000_start0088_seed0004,1
0.8009912371635437,0.6402484178543091,Local Perturbation,Training support,ep0031_start0046_seed0003,1
1.0046504735946655,1.1853196620941162,Local Perturbation,Training support,ep0021_start0094_seed0003,0
-0.9610159993171692,0.2906799614429474,Local Perturbation,Training support,ep0012_start0031_seed0004,0
0.23509252071380615,-0.6966452598571777,Local Perturbation,Training support,ep0042_start0000_seed0000,1
0.81920325756073,0.6512760519981384,Local Perturbation,Training support,ep0027_start0049_seed0004,1
0.8061487674713135,0.7435413599014282,Local Perturbation,Training support,ep0021_start0023_seed0003,1
-1.1521650552749634,0.26955103874206543,Local Perturbation,Training support,ep0047_start0100_seed0003,0
-1.4075804948806763,0.44890010356903076,Local Perturbation,Training support,ep0046_start0096_seed0002,0
-1.375761866569519,0.4209382236003876,Local Perturbation,Training support,ep0020_start0079_seed0004,1
-0.6974949836730957,-0.04790358617901802,Local Perturbation,Training support,ep0047_start0110_seed0002,0
-0.9607717394828796,0.18462899327278137,Local Perturbation,Training support,ep0042_start0044_seed0001,1
0.9612963199615479,0.990419864654541,Local Perturbation,Training support,ep0017_start0076_seed0000,1
-0.945816695690155,0.15734422206878662,Local Perturbation,Training support,ep0037_start0046_seed0004,0
0.8036837577819824,0.7178781628608704,Local Perturbation,Training support,ep0014_start0045_seed0000,0
-1.5818979740142822,0.7645308971405029,Local Perturbation,Training support,ep0032_start0087_seed0001,1
-0.9446644186973572,0.1573880910873413,Local Perturbation,Training support,ep0020_start0042_seed0003,1
0.7851260900497437,0.7306517958641052,Local Perturbation,Training support,ep0000_start0054_seed0001,1
-0.973248302936554,0.17534463107585907,Local Perturbation,Training support,ep0033_start0046_seed0002,1
-1.4393014907836914,0.533519446849823,Local Perturbation,Training support,ep0030_start0083_seed0003,0
0.13283483684062958,-0.35611361265182495,Local Perturbation,Training support,ep0026_start0006_seed0002,1
0.024445731192827225,-0.5762172341346741,Local Perturbation,Training support,ep0017_start0002_seed0003,1
-0.9277915358543396,0.03341061249375343,Local Perturbation,Training support,ep0025_start0099_seed0003,1
-1.0215401649475098,0.17236359417438507,Local Perturbation,Training support,ep0025_start0047_seed0004,1
0.13660992681980133,-0.6230753064155579,Local Perturbation,Training support,ep0032_start0001_seed0004,1
0.999720573425293,1.2645111083984375,Local Perturbation,Training support,ep0035_start0096_seed0003,0
0.7971785664558411,0.6228289604187012,Local Perturbation,Training support,ep0000_start0042_seed0002,0
-1.0155918598175049,0.23145385086536407,Local Perturbation,Training support,ep0015_start0038_seed0004,0
-1.0550113916397095,0.1598568856716156,Local Perturbation,Training support,ep0037_start0057_seed0000,0
-1.2978113889694214,0.5043900012969971,Local Perturbation,Training support,ep0037_start0091_seed0004,1
0.7834922075271606,0.5500306487083435,Local Perturbation,Training support,ep0000_start0036_seed0001,1
0.8735434412956238,0.9437206387519836,Local Perturbation,Training support,ep0017_start0096_seed0001,1
0.8443920016288757,0.7213849425315857,Local Perturbation,Training support,ep0048_start0042_seed0001,0
-0.9489492774009705,0.1653178632259369,Local Perturbation,Training support,ep0047_start0044_seed0001,0
-1.006977915763855,0.19404906034469604,Local Perturbation,Training support,ep0032_start0044_seed0000,0
-0.9144777059555054,0.2084757685661316,Local Perturbation,Training support,ep0042_start0032_seed0004,1
0.7935386300086975,0.6046624183654785,Local Perturbation,Training support,ep0001_start0038_seed0004,1
0.9868508577346802,1.0290298461914062,Local Perturbation,Training support,ep0013_start0071_seed0003,1
0.7796054482460022,0.5894684791564941,Local Perturbation,Training support,ep0009_start0029_seed0001,1
0.7557669878005981,0.5766611695289612,Local Perturbation,Training support,ep0021_start0030_seed0001,1
0.826541543006897,0.7140238881111145,Local Perturbation,Training support,ep0035_start0106_seed0001,0
0.34959447383880615,-0.8061513304710388,Policy Rollout,Training support,s00_seed00100001_ep0000,0
-0.0930166244506836,-0.40595385432243347,Policy Rollout,Training support,s00_seed00100001_ep0000,8
-0.8521523475646973,0.37259238958358765,Policy Rollout,Training support,s00_seed00100001_ep0000,16
-1.10249924659729,0.4913482964038849,Policy Rollout,Training support,s00_seed00100001_ep0000,25
-0.9139648675918579,0.1696193814277649,Policy Rollout,Training support,s00_seed00100001_ep0000,33
-0.9695814251899719,0.20964358747005463,Policy Rollout,Training support,s00_seed00100001_ep0000,41
-0.9823174476623535,0.19896478950977325,Policy Rollout,Training support,s00_seed00100001_ep0000,49
-1.0937204360961914,0.23372520506381989,Policy Rollout,Training support,s00_seed00100001_ep0000,58
-1.3796977996826172,0.38900989294052124,Policy Rollout,Training support,s00_seed00100001_ep0000,66
-1.4728721380233765,0.5017826557159424,Policy Rollout,Training support,s00_seed00100001_ep0000,74
-0.06968629360198975,-0.7410382032394409,Policy Rollout,Training support,s00_seed00100008_ep0004,0
0.332570880651474,-0.08367594331502914,Policy Rollout,Training support,s00_seed00100008_ep0004,12
0.780398428440094,0.8260445594787598,Policy Rollout,Training support,s00_seed00100008_ep0004,23
0.772611141204834,0.5911926627159119,Policy Rollout,Training support,s00_seed00100008_ep0004,35
0.7236717939376831,0.5695669651031494,Policy Rollout,Training support,s00_seed00100008_ep0004,47
0.7710031867027283,0.6068606376647949,Policy Rollout,Training support,s00_seed00100008_ep0004,58
0.7967241406440735,0.667469322681427,Policy Rollout,Training support,s00_seed00100008_ep0004,70
0.8856832385063171,0.8674200773239136,Policy Rollout,Training support,s00_seed00100008_ep0004,82
0.8572646975517273,0.5809674859046936,Policy Rollout,Training support,s00_seed00100008_ep0004,93
0.9268333315849304,0.891684353351593,Policy Rollout,Training support,s00_seed00100008_ep0004,105
0.36793363094329834,-0.8177556991577148,Policy Rollout,Training support,s00_seed00100010_ep0005,0
-0.09186221659183502,-0.41178297996520996,Policy Rollout,Training support,s00_seed00100010_ep0005,8
-0.8494332432746887,0.32925620675086975,Policy Rollout,Training support,s00_seed00100010_ep0005,16
-1.2415937185287476,0.6081952452659607,Policy Rollout,Training support,s00_seed00100010_ep0005,24
-1.0024117231369019,0.18991339206695557,Policy Rollout,Training support,s00_seed00100010_ep0005,32
-1.0229612588882446,0.2150813490152359,Policy Rollout,Training support,s00_seed00100010_ep0005,41
-1.0838860273361206,0.2295529544353485,Policy Rollout,Training support,s00_seed00100010_ep0005,49
-1.355668067932129,0.33452069759368896,Policy Rollout,Training support,s00_seed00100010_ep0005,57
-1.4828778505325317,0.45644092559814453,Policy Rollout,Training support,s00_seed00100010_ep0005,65
-1.5720103979110718,0.605558454990387,Policy Rollout,Training support,s00_seed00100010_ep0005,73
0.35950416326522827,-0.8170421123504639,Policy Rollout,Training support,s00_seed00100013_ep0007,0
-0.10127977281808853,-0.4026777148246765,Policy Rollout,Training support,s00_seed00100013_ep0007,8
-0.8749311566352844,0.3668341338634491,Policy Rollout,Training support,s00_seed00100013_ep0007,16
-1.1852443218231201,0.5647314190864563,Policy Rollout,Training support,s00_seed00100013_ep0007,24
-0.948306143283844,0.1745920032262802,Policy Rollout,Training support,s00_seed00100013_ep0007,32
-0.999444842338562,0.2112979143857956,Policy Rollout,Training support,s00_seed00100013_ep0007,41
-1.0323940515518188,0.21587485074996948,Policy Rollout,Training support,s00_seed00100013_ep0007,49
-1.3205639123916626,0.30818337202072144,Policy Rollout,Training support,s00_seed00100013_ep0007,57
-1.4504268169403076,0.4184367060661316,Policy Rollout,Training support,s00_seed00100013_ep0007,65
-1.5267549753189087,0.5282576680183411,Policy Rollout,Training support,s00_seed00100013_ep0007,73
0.35233375430107117,-0.8039183616638184,Policy Rollout,Training support,s00_seed00100015_ep0008,0
-0.0960642620921135,-0.3961724638938904,Policy Rollout,Training support,s00_seed00100015_ep0008,8
-0.9101607799530029,0.41537046432495117,Policy Rollout,Training support,s00_seed00100015_ep0008,17
-1.12051522731781,0.4997424781322479,Policy Rollout,Training support,s00_seed00100015_ep0008,25
-0.9245618581771851,0.16653716564178467,Policy Rollout,Training support,s00_seed00100015_ep0008,33
-0.9765697717666626,0.2056964635848999,Policy Rollout,Training support,s00_seed00100015_ep0008,42
-1.0019409656524658,0.18601775169372559,Policy Rollout,Training support,s00_seed00100015_ep0008,50
-1.160636305809021,0.2620590031147003,Policy Rollout,Training support,s00_seed00100015_ep0008,58
-1.4480173587799072,0.46339523792266846,Policy Rollout,Training support,s00_seed00100015_ep0008,67
-1.5199048519134521,0.6134197115898132,Policy Rollout,Training support,s00_seed00100015_ep0008,75
-0.09347600489854813,0.41920438408851624,Feasible-Space Sampling,Training support,ep0001_start0133_seed0001,215
0.350446879863739,0.13114304840564728,Feasible-Space Sampling,Training support,ep0001_start0130_seed0000,150
0.4306618273258209,0.4127953350543976,Feasible-Space Sampling,Training support,ep0001_start0130_seed0008,235
0.27416959404945374,0.06239769235253334,Feasible-Space Sampling,Training support,ep0001_start0130_seed0008,77
0.3261491060256958,0.18521496653556824,Feasible-Space Sampling,Training support,ep0001_start0130_seed0005,165
0.152163565158844,0.4627644717693329,Feasible-Space Sampling,Training support,ep0000_start0103_seed0001,265
0.2604150176048279,0.2962573170661926,Feasible-Space Sampling,Training support,ep0001_start0133_seed0006,233
0.3730466663837433,0.09246768802404404,Feasible-Space Sampling,Training support,ep0001_start0106_seed0002,267
-0.2798762619495392,0.7443165183067322,Feasible-Space Sampling,Training support,ep0001_start0133_seed0001,115
0.6151617169380188,0.6877487301826477,Feasible-Space Sampling,Training support,ep0000_start0064_seed0108,215
0.40178507566452026,0.29296058416366577,Feasible-Space Sampling,Training support,ep0001_start0130_seed0009,32
0.45707470178604126,0.2966889441013336,Feasible-Space Sampling,Training support,ep0001_start0106_seed0003,222
0.4062436521053314,0.19667527079582214,Feasible-Space Sampling,Training support,ep0001_start0106_seed0004,220
0.09099720418453217,0.2041311413049698,Feasible-Space Sampling,Training support,ep0001_start0130_seed0006,41
-0.009682551957666874,0.28841203451156616,Feasible-Space Sampling,Training support,ep0001_start0106_seed0001,256
0.40976613759994507,0.6562511920928955,Feasible-Space Sampling,Training support,ep0001_start0130_seed0003,196
0.38875484466552734,0.3405541777610779,Feasible-Space Sampling,Training support,ep0001_start0106_seed0003,163
0.33759021759033203,0.2869707942008972,Feasible-Space Sampling,Training support,ep0000_start0103_seed0003,262
0.5476230382919312,0.7707895636558533,Feasible-Space Sampling,Training support,ep0000_start0064_seed0109,168
0.5803143978118896,0.8769082427024841,Feasible-Space Sampling,Training support,ep0000_start0064_seed0093,204
0.4230266809463501,0.2674025893211365,Feasible-Space Sampling,Training support,ep0000_start0064_seed0051,227
0.38228434324264526,0.42452073097229004,Feasible-Space Sampling,Training support,ep0000_start0103_seed0004,137
0.35839927196502686,0.5193943977355957,Feasible-Space Sampling,Training support,ep0001_start0130_seed0004,79
0.13683676719665527,0.3886425495147705,Feasible-Space Sampling,Training support,ep0000_start0064_seed0030,236
0.036972593516111374,0.5573407411575317,Feasible-Space Sampling,Training support,ep0001_start0130_seed0001,101
0.1548970639705658,0.21708901226520538,Feasible-Space Sampling,Training support,ep0000_start0064_seed0037,238
0.6466795802116394,0.8564563989639282,Feasible-Space Sampling,Training support,ep0000_start0064_seed0077,109
0.2968096137046814,0.21187368035316467,Feasible-Space Sampling,Training support,ep0001_start0106_seed0009,251
0.6149755120277405,0.8557607531547546,Feasible-Space Sampling,Training support,ep0000_start0064_seed0002,170
0.3603455722332001,0.7821609377861023,Feasible-Space Sampling,Training support,ep0001_start0130_seed0000,45
0.2003277689218521,0.5929053425788879,Feasible-Space Sampling,Training support,ep0000_start0064_seed0059,175
0.5548667907714844,0.7283409833908081,Feasible-Space Sampling,Training support,ep0000_start0064_seed0010,141
0.0002466499281581491,0.39478564262390137,Feasible-Space Sampling,Training support,ep0001_start0133_seed0005,174
0.6191867589950562,0.3843260109424591,Feasible-Space Sampling,Training support,ep0001_start0130_seed0009,110
0.49647602438926697,0.5443745851516724,Feasible-Space Sampling,Training support,ep0001_start0133_seed0006,253
0.39458370208740234,0.9021777510643005,Feasible-Space Sampling,Training support,ep0000_start0103_seed0005,165
0.529160737991333,0.3844996392726898,Feasible-Space Sampling,Training support,ep0001_start0106_seed0006,169
0.37279948592185974,0.4957771599292755,Feasible-Space Sampling,Training support,ep0000_start0064_seed0029,191
0.4291120767593384,0.1794084906578064,Feasible-Space Sampling,Training support,ep0001_start0133_seed0009,13
0.015136183239519596,0.396439790725708,Feasible-Space Sampling,Training support,ep0001_start0130_seed0004,142
0.5963076949119568,0.9279332160949707,Feasible-Space Sampling,Training support,ep0000_start0064_seed0068,268
0.3967956602573395,0.14855186641216278,Feasible-Space Sampling,Training support,ep0001_start0133_seed0003,20
0.2664095163345337,0.5959707498550415,Feasible-Space Sampling,Training support,ep0001_start0130_seed0005,138
0.6871188879013062,0.917568564414978,Feasible-Space Sampling,Training support,ep0000_start0064_seed0079,128
0.34528765082359314,0.4709702134132385,Feasible-Space Sampling,Training support,ep0000_start0103_seed0007,128
0.608837902545929,0.3993304371833801,Feasible-Space Sampling,Training support,ep0000_start0103_seed0009,90
0.4354858696460724,0.25151970982551575,Feasible-Space Sampling,Training support,ep0001_start0106_seed0004,65
0.019631510600447655,0.2248215228319168,Feasible-Space Sampling,Training support,ep0001_start0133_seed0000,151
0.2837439179420471,0.2611338198184967,Feasible-Space Sampling,Training support,ep0000_start0103_seed0004,232
0.3161912262439728,0.35125333070755005,Feasible-Space Sampling,Training support,ep0001_start0106_seed0002,196
